-- phpMyAdmin SQL Dump
-- version 5.2.1
-- https://www.phpmyadmin.net/
--
-- 主機： 127.0.0.1
-- 產生時間： 2024-11-20 07:42:34
-- 伺服器版本： 10.4.32-MariaDB
-- PHP 版本： 8.2.12

SET SQL_MODE = "NO_AUTO_VALUE_ON_ZERO";
START TRANSACTION;
SET time_zone = "+00:00";


/*!40101 SET @OLD_CHARACTER_SET_CLIENT=@@CHARACTER_SET_CLIENT */;
/*!40101 SET @OLD_CHARACTER_SET_RESULTS=@@CHARACTER_SET_RESULTS */;
/*!40101 SET @OLD_COLLATION_CONNECTION=@@COLLATION_CONNECTION */;
/*!40101 SET NAMES utf8mb4 */;

--
-- 資料庫： `courseselectiondb`
--

-- --------------------------------------------------------

--
-- 資料表結構 `attention`
--

CREATE TABLE `attention` (
  `id` int(11) NOT NULL,
  `sid` varchar(8) NOT NULL,
  `cid` int(11) NOT NULL,
  `cname` varchar(20) NOT NULL
) ENGINE=InnoDB DEFAULT CHARSET=utf8mb4 COLLATE=utf8mb4_general_ci;

--
-- 傾印資料表的資料 `attention`
--

INSERT INTO `attention` (`id`, `sid`, `cid`, `cname`) VALUES
(0, 'D1149754', 1102, '英文'),
(0, 'D1149754', 4109, '跨文化探索與對話');

-- --------------------------------------------------------

--
-- 資料表結構 `course`
--

CREATE TABLE `course` (
  `cid` int(11) NOT NULL,
  `name` varchar(20) DEFAULT NULL,
  `dept` varchar(20) DEFAULT NULL,
  `grade` int(11) DEFAULT NULL,
  `credit` int(11) DEFAULT NULL,
  `tid` char(8) DEFAULT NULL,
  `teacher` varchar(20) DEFAULT NULL,
  `location` varchar(20) DEFAULT NULL,
  `max_quantity` int(11) DEFAULT NULL,
  `current_quantity` int(11) DEFAULT NULL,
  `required` tinyint(1) DEFAULT NULL
) ENGINE=InnoDB DEFAULT CHARSET=utf8mb4 COLLATE=utf8mb4_general_ci;

--
-- 傾印資料表的資料 `course`
--

INSERT INTO `course` (`cid`, `name`, `dept`, `grade`, `credit`, `tid`, `teacher`, `location`, `max_quantity`, `current_quantity`, `required`) VALUES
(1001, '邏輯設計', '資訊', 1, 3, 'T1234567', '王益文', '', 69, 0, 1),
(1002, '線性代數', '資訊', 1, 3, 'T1000001', '洪維志', '資電402', 65, 1, 1),
(1003, '計算機概論', '資訊', 1, 2, 'T1000002', '林峰正', '資電234', 65, 1, 1),
(1004, '微積分', '資訊', 1, 3, 'T1000003', '李英豪', '科航206', 65, 0, 1),
(1005, '普通物理', '資訊', 1, 3, 'T1000017', '胡水上', '建築304', 65, 0, 1),
(1006, '程式設計', '資訊', 1, 4, 'T1000004', '劉明機', '資電234', 65, 0, 1),
(1007, '互連網路', '資訊', 1, 2, 'T1000002', '林峰正', '資電304', 2, 0, 0),
(1008, '資料統計', '資訊', 1, 2, 'T1000005', '薛念林', '商學308', 1, 0, 0),
(1101, '英文作文', '外語', 1, 2, 'T1000006', '蕭碧莉', '人言504', 67, 0, 1),
(1102, '英文', '外語', 1, 2, 'T1000007', '陳彥京', '天堂', 68, 0, 1),
(1103, '英語發音與聽力練習', '外語', 1, 2, 'T1000008', '林芷瑩', '人言703', 71, 0, 1),
(1104, '電腦輔助語言學習', '外語', 1, 2, 'T1000008', '林芷瑩', '人言404', 71, 0, 0),
(1105, '語言學習方法與策略', '外語', 1, 2, 'T1000009', '王鈺琪', '人言505', 71, 0, 0),
(1106, '文學作品導讀', '外語', 1, 2, 'T1000010', '林盈萱', '資電108', 71, 0, 0),
(1107, '西洋文學專論', '外語', 1, 2, 'T1000011', '陳柏軒', '人言406', 71, 0, 0),
(1108, '英文句構與翻譯', '外語', 1, 2, 'T1000007', '陳彥京', '人言508', 68, 0, 1),
(1109, '程式邏輯與應用 ', '外語', 1, 2, 'T1000010', '林盈萱', '人言704', 68, 0, 1),
(2001, '機率與統計', '資訊', 2, 3, 'T1000012', '游景盛', '科航203', 75, 0, 1),
(2002, '系統程式', '資訊', 2, 3, 'T1000013', '劉宗杰', '資電402', 66, 0, 1),
(2003, '資料庫系統', '資訊', 2, 3, 'T1000014', '許懷中', '理學213', 55, 0, 1),
(2004, '離散數學', '資訊', 2, 3, 'T1000012', '游景盛', '資電401', 55, 0, 1),
(2005, '數位系統設計', '資訊', 2, 3, 'T1000012', '游景盛', '資電234', 58, 0, 0),
(2006, 'UNIX應用與實務', '資訊', 2, 2, 'T1000015', '林佩蓉', '資電234', 63, 0, 0),
(2007, 'Web程式設計', '資訊', 2, 3, 'T1000005', '薛念林', '商學306', 1, 0, 0),
(2008, '物件導向設計', '資訊', 2, 2, 'T1000016', '曾昭文', '資電234', 1, 0, 0),
(2009, '密碼學', '資訊', 2, 3, 'T1000018', '李榮三', '人言203', 60, 0, 0),
(2101, '英語演說', '外語', 2, 2, 'T1000019', '陳秋華', '人言406', 74, 0, 1),
(2102, '英國文學', '外語', 2, 2, 'T1000006', '蕭碧莉', '人言502', 68, 0, 1),
(2103, '第二外語', '外語', 2, 2, 'T1000007', '陳彥京', '人言708', 75, 0, 1),
(2104, '語言學概論', '外語', 2, 2, 'T1000007', '陳彥京', '商學405', 75, 0, 1),
(2105, '文學與地景', '外語', 2, 2, 'T1000006', '蕭碧莉', '商學608', 75, 0, 0),
(2106, '英語語言史', '外語', 2, 2, 'T1000010', '林盈萱', '商學308', 75, 0, 0),
(2107, '散文選讀', '外語', 2, 2, 'T1000019', '陳秋華', '商學209', 75, 0, 0),
(2108, '新聞英文閱讀', '外語', 2, 2, 'T1000020', '徐琍沂', '人言701', 75, 0, 0),
(2109, '進階程式邏輯與應用', '外語', 2, 2, 'T1000019', '陳秋華', '資電330', 74, 0, 1),
(3001, '作業系統', '資訊', 3, 2, 'T1000012', '游景盛', '資電330', 75, 0, 1),
(3002, '微處理機系統', '資訊', 3, 2, 'T1000013', '劉宗杰', '資電402', 66, 0, 1),
(3003, '微處理機系統實習', '資訊', 3, 2, 'T1000014', '許懷中', '資電402', 55, 0, 1),
(3004, '計算機結構學', '資訊', 3, 2, 'T1000012', '游景盛', '資電305', 55, 0, 1),
(3005, '計算機演算法', '資訊', 3, 2, 'T1000012', '游景盛', '資電408', 58, 0, 1),
(3006, '軟體測試', '資訊', 3, 2, 'T1000015', '林佩蓉', '資電234', 63, 0, 0),
(3007, '嵌入式系統', '資訊', 3, 2, 'T1000005', '薛念林', '行政206', 1, 0, 0),
(3008, '資料科學實務', '資訊', 3, 2, 'T1000016', '曾昭文', '行政208', 1, 0, 0),
(3009, '資料探勘導論', '資訊', 3, 2, 'T1000018', '李榮三', '資電330', 60, 0, 0),
(3101, '中英視譯練習', '外語', 3, 2, 'T1000020', '徐琍沂', '人言405', 74, 0, 1),
(3102, '兒童與青少年文學', '外語', 3, 2, 'T1000020', '徐琍沂', '商學308', 68, 0, 1),
(3103, '英詩選讀', '外語', 3, 2, 'T1000006', '蕭碧莉', '資電503', 75, 0, 1),
(3104, '實用職場英文', '外語', 3, 2, 'T1000007', '陳彥京', '商學405', 75, 0, 1),
(3105, '美國文學', '外語', 3, 2, 'T1000006', '蕭碧莉', '商學508', 75, 0, 1),
(3106, '中英逐步口譯演練', '外語', 3, 2, 'T1000010', '林盈萱', '資電B08', 75, 0, 0),
(3107, '英美文學專論', '外語', 3, 2, 'T1000019', '陳秋華', '資電B08', 75, 0, 0),
(3108, '校外實習導論', '外語', 3, 2, 'T1000020', '徐琍沂', '人言204', 75, 0, 0),
(3109, '專題討論', '外語', 3, 2, 'T1000010', '林盈萱', '人言204', 74, 0, 0),
(4001, '專題研究', '資訊', 4, 2, 'T1000012', '游景盛', '資電235', 75, 0, 1),
(4002, '人工智慧的產業應用', '資訊', 4, 2, 'T1000013', '劉宗杰', '資電234', 66, 0, 1),
(4003, '生物資訊概論', '資訊', 4, 2, 'T1000014', '許懷中', '資電330', 55, 0, 1),
(4004, '深度學習', '資訊', 4, 2, 'T1000012', '游景盛', '人言402', 55, 0, 1),
(4005, '產業實習導論', '資訊', 4, 2, 'T1000012', '游景盛', '資電325', 58, 0, 1),
(4006, '無線網路系統', '資訊', 4, 2, 'T1000015', '林佩蓉', '理學224', 63, 0, 0),
(4007, '管理資訊系統', '資訊', 4, 2, 'T1000005', '薛念林', '理學215', 1, 0, 0),
(4008, '智慧物聯網實務應用', '資訊', 4, 2, 'T1000016', '曾昭文', '紀念330', 1, 0, 0),
(4009, '程式設計與問題解決', '資訊', 4, 2, 'T1000018', '李榮三', '圖書館230', 60, 0, 0),
(4101, '中英商務筆譯', '外語', 4, 2, 'T1000009', '王鈺琪', '圖書館315', 74, 0, 1),
(4102, '中英經貿口譯', '外語', 4, 2, 'T1000006', '蕭碧莉', '商學224', 68, 0, 1),
(4103, '英文媒體溝通', '外語', 4, 2, 'T1000007', '陳彥京', '商學308', 75, 0, 1),
(4104, '歐洲文學', '外語', 4, 2, 'T1000009', '王鈺琪', '商學504', 75, 0, 1),
(4105, '中英科技翻譯', '外語', 4, 2, 'T1000006', '蕭碧莉', '人言506', 75, 0, 1),
(4106, '中英會展口譯', '外語', 4, 2, 'T1000010', '林盈萱', '人言508', 75, 0, 0),
(4107, '旅遊英文', '外語', 4, 2, 'T1000007', '陳彥京', '商學216', 75, 0, 0),
(4108, '國際事務英文', '外語', 4, 2, 'T1000020', '徐琍沂', '商學701', 75, 0, 0),
(4109, '跨文化探索與對話', '外語', 4, 2, 'T1000009', '王鈺琪', '資電102', 74, 0, 0);

-- --------------------------------------------------------

--
-- 資料表結構 `course_selection`
--

CREATE TABLE `course_selection` (
  `id` int(11) NOT NULL,
  `sid` varchar(8) DEFAULT NULL,
  `cid` int(11) DEFAULT NULL,
  `cname` varchar(20) DEFAULT NULL
) ENGINE=InnoDB DEFAULT CHARSET=utf8mb4 COLLATE=utf8mb4_general_ci;

--
-- 傾印資料表的資料 `course_selection`
--

INSERT INTO `course_selection` (`id`, `sid`, `cid`, `cname`) VALUES
(7, 'D1149754', 1003, '計算機概論'),
(9, 'D1149754', 1002, '線性代數');

-- --------------------------------------------------------

--
-- 資料表結構 `course_timetable`
--

CREATE TABLE `course_timetable` (
  `id` int(11) NOT NULL,
  `cid` int(11) DEFAULT NULL,
  `timeid` int(11) DEFAULT NULL
) ENGINE=InnoDB DEFAULT CHARSET=utf8mb4 COLLATE=utf8mb4_general_ci;

--
-- 傾印資料表的資料 `course_timetable`
--

INSERT INTO `course_timetable` (`id`, `cid`, `timeid`) VALUES
(7, 1002, 15),
(8, 1002, 16),
(9, 1002, 17),
(10, 1003, 5),
(11, 1003, 6),
(12, 1004, 19),
(13, 1004, 20),
(14, 1004, 21),
(15, 1005, 30),
(16, 1005, 31),
(17, 1005, 45),
(18, 1006, 56),
(19, 1006, 57),
(20, 1006, 58),
(21, 1006, 59),
(22, 1007, 61),
(23, 1007, 62),
(24, 1008, 7),
(25, 1008, 8),
(26, 2001, 2),
(27, 2001, 3),
(28, 2001, 17),
(29, 2002, 5),
(30, 2002, 6),
(31, 2002, 19),
(32, 2003, 21),
(33, 2003, 22),
(34, 2003, 23),
(35, 2004, 14),
(36, 2004, 15),
(37, 2004, 16),
(38, 2005, 29),
(39, 2005, 30),
(40, 2005, 31),
(41, 2006, 33),
(42, 2006, 36),
(43, 2007, 37),
(44, 2007, 38),
(45, 2007, 57),
(46, 2008, 58),
(47, 2008, 59),
(48, 2009, 11),
(49, 2009, 12),
(50, 2009, 13),
(51, 1101, 33),
(52, 1101, 34),
(55, 1103, 47),
(56, 1103, 48),
(57, 1104, 2),
(58, 1104, 3),
(59, 1105, 63),
(60, 1105, 64),
(61, 1106, 0),
(62, 1106, 1),
(63, 1107, 10),
(64, 1107, 11),
(65, 2101, 66),
(66, 2101, 67),
(67, 2102, 38),
(68, 2102, 39),
(69, 2103, 28),
(70, 2103, 29),
(71, 2104, 5),
(72, 2104, 6),
(73, 2105, 42),
(74, 2105, 43),
(75, 2106, 16),
(76, 2106, 17),
(77, 2107, 52),
(78, 2107, 53),
(79, 2108, 61),
(80, 2108, 62),
(81, 1108, 19),
(82, 1108, 20),
(83, 1109, 22),
(84, 1109, 23),
(85, 2109, 11),
(86, 2109, 12),
(87, 3101, 12),
(88, 3101, 13),
(89, 3102, 66),
(90, 3102, 67),
(91, 3103, 33),
(92, 3103, 34),
(93, 3104, 2),
(94, 3104, 3),
(95, 3105, 14),
(96, 3105, 15),
(97, 3106, 0),
(98, 3106, 1),
(99, 3107, 42),
(100, 3107, 43),
(101, 3108, 35),
(102, 3108, 36),
(103, 3109, 16),
(104, 3109, 17),
(105, 4101, 61),
(106, 4101, 62),
(107, 4102, 35),
(108, 4102, 36),
(109, 4103, 28),
(110, 4103, 29),
(111, 4104, 66),
(112, 4104, 67),
(113, 4105, 58),
(114, 4105, 59),
(115, 4106, 42),
(116, 4106, 43),
(117, 4107, 7),
(118, 4107, 8),
(119, 4108, 5),
(120, 4108, 6),
(121, 4109, 0),
(122, 4109, 1),
(123, 3001, 61),
(124, 3001, 62),
(125, 3002, 0),
(126, 3002, 1),
(127, 3003, 30),
(128, 3003, 31),
(129, 3004, 63),
(130, 3004, 64),
(131, 3005, 26),
(132, 3005, 27),
(133, 3006, 2),
(134, 3006, 3),
(135, 3007, 28),
(136, 3007, 29),
(137, 3008, 66),
(138, 3008, 67),
(139, 3009, 12),
(140, 3009, 13),
(141, 4001, 44),
(142, 4001, 45),
(143, 4002, 2),
(144, 4002, 3),
(145, 4003, 24),
(146, 4003, 25),
(147, 4004, 10),
(148, 4004, 11),
(149, 4005, 5),
(150, 4005, 6),
(151, 4006, 28),
(152, 4006, 29),
(153, 4007, 12),
(154, 4007, 13),
(155, 4008, 7),
(156, 4008, 8),
(157, 4009, 35),
(158, 4009, 36),
(161, 1102, 42),
(162, 1102, 43),
(163, 1001, 0),
(164, 1001, 14),
(165, 1001, 1);

-- --------------------------------------------------------

--
-- 資料表結構 `students`
--

CREATE TABLE `students` (
  `sid` char(8) NOT NULL,
  `name` varchar(20) DEFAULT NULL,
  `dept` varchar(20) DEFAULT NULL,
  `grade` int(11) DEFAULT NULL,
  `credit` int(11) DEFAULT NULL,
  `password` char(60) DEFAULT NULL
) ENGINE=InnoDB DEFAULT CHARSET=utf8mb4 COLLATE=utf8mb4_general_ci;

--
-- 傾印資料表的資料 `students`
--

INSERT INTO `students` (`sid`, `name`, `dept`, `grade`, `credit`, `password`) VALUES
('D1149754', '薛子揚', '資訊', 3, 5, '$2b$10$S3Oi4YD6rqOe5vfdzHfYoe7wBRKuM16Y7cKT5bdyXd7FKOBgOjT7y');

-- --------------------------------------------------------

--
-- 資料表結構 `student_timetable`
--

CREATE TABLE `student_timetable` (
  `id` int(11) NOT NULL,
  `sid` char(8) DEFAULT NULL,
  `cid` int(11) DEFAULT NULL,
  `timeid` int(11) DEFAULT NULL,
  `cname` varchar(20) DEFAULT NULL
) ENGINE=InnoDB DEFAULT CHARSET=utf8mb4 COLLATE=utf8mb4_general_ci;

--
-- 傾印資料表的資料 `student_timetable`
--

INSERT INTO `student_timetable` (`id`, `sid`, `cid`, `timeid`, `cname`) VALUES
(32, 'D1149754', 1003, 5, '計算機概論'),
(33, 'D1149754', 1003, 6, '計算機概論'),
(37, 'D1149754', 1002, 15, '線性代數'),
(38, 'D1149754', 1002, 16, '線性代數'),
(39, 'D1149754', 1002, 17, '線性代數');

-- --------------------------------------------------------

--
-- 資料表結構 `teachers`
--

CREATE TABLE `teachers` (
  `tid` char(8) NOT NULL,
  `name` varchar(20) DEFAULT NULL,
  `dept` varchar(20) DEFAULT NULL,
  `password` char(60) DEFAULT NULL
) ENGINE=InnoDB DEFAULT CHARSET=utf8mb4 COLLATE=utf8mb4_general_ci;

--
-- 傾印資料表的資料 `teachers`
--

INSERT INTO `teachers` (`tid`, `name`, `dept`, `password`) VALUES
('T1000001', '洪維志', '資訊', '$2b$10$5/TFV7o7okwlDFCOBji2Zu9ubzvP/XqMBJeLY24JxjNYiFWxh12zu'),
('T1000002', '林峰正', '資訊', '$2b$10$aMAPjqCFsL9Y50LjfCE4X.T07.jZFUrsdXA2O3uj/xeV0vu3Z1ncW'),
('T1000003', '李英豪', '資訊', '$2b$10$/e8orXPRQq87qcprZArE8..iubfcUlzTjXQWuZGlwEXdd6VRkFIie'),
('T1000004', '劉明機', '資訊', '$2b$10$AzyC0nlRRS79yx/DO2YbF.pqcKDW4wkwj4B6Bv1YZM93kBFCaHgtO'),
('T1000005', '薛念林', '資訊', '$2b$10$OwWHl.n6YFe1qSCygfP8oe8p8VE7NQHIwBgQmgTWMHPmLVuNaqn6W'),
('T1000006', '蕭碧莉', '外語', '$2b$10$zuOexjS0QQVPseDn9JIU/Oh9LrSBVqp8MBvuTk2U6iLHzUlJWQiiK'),
('T1000007', '陳彦京', '外語', '$2b$10$22Y.MAWk1bQZOeFM7wHeRuzubSGI/eKhPYqvw8FKQzbx1xUOrDWYO'),
('T1000008', '林芷瑩', '外語', '$2b$10$.Q0a6GdFe90m9S3YBrY/U.PFBcbAF/fD0ZeMrdIRybE6mBGBIbwl.'),
('T1000009', '王鈺琪', '外語', '$2b$10$EMZPAnHFIZSiRo7ZPyQt6ecnCp3rD1LxnOsw7gHHsRc2brN5HBTf.'),
('T1000010', '林盈萱', '外語', '$2b$10$KDgp8CYr0.JUatlXKIrzRezOR7blhq1omoubNPrQEeEGeA1Sqmzy2'),
('T1000011', '陳柏軒', '外語', '$2b$10$Q/NX1huEyQS07TfsPSZqVOis/NlO3iUReT6fDlLbcfXfCkNrpHvlm'),
('T1000012', '游景盛', '資訊', '$2b$10$CUTDshkNFRn5RoJn6N32ROCQQaHO93HFZU2.CVipZE2pxmlafd.xq'),
('T1000013', '劉宗杰', '資訊', '$2b$10$M12V/VyMo9N1b0ZPudR1n.0eYc44lOv3izeApIfUDUlw6OOhI71yu'),
('T1000014', '許懷中', '資訊', '$2b$10$el345rNS9eSP/pxQGw1hIe9bT6hciWTY1DxgA4iP1uzA0aiJLg/bW'),
('T1000015', '林佩蓉', '資訊', '$2b$10$zDy8hp5MFc0wKqq4eAu5meHbv9RBfE9OUkKYh1GCAWOGAu3pyGqLq'),
('T1000016', '曾昭文', '資訊', '$2b$10$eB120gXsn.6BBqg8PQ6Hr.q.zvnkav1jwhRN4g54jykIFWKMIv8mu'),
('T1000017', '胡水上', '資訊', '$2b$10$GkTrpsjjKM7b9rdtJzdCk.Aq2mxmJsDB3MOmBY8YWAkCtx6BJniMG'),
('T1000018', '李榮三', '資訊', '$2b$10$2.F0YAc.ubZWqhkIk6ROAe5Nhj21qNbFqcjF8fJfIwXw7px3arpe.'),
('T1000019', '陳秋華', '外語', '$2b$10$OBTC9qb4YcQCqe9fgEDDausIa.tpcF1kD4pdQwe5OAXu/97nnsTJS'),
('T1000020', '徐琍沂', '外語', '$2b$10$cf9FFkdEn6pRHYe3PAaywOOq7MvmsYYoQxqv9a1RkkwwDcYwAi0mq'),
('T1234567', '王益文', '資訊', '$2b$10$ZjQiJDfMJRFUxYasb7U6s.MlFs8zntpUEisPujYAw34JkvTcxG/C2');

-- --------------------------------------------------------

--
-- 資料表結構 `teacher_timetable`
--

CREATE TABLE `teacher_timetable` (
  `id` int(11) NOT NULL,
  `tid` char(8) DEFAULT NULL,
  `cid` int(11) DEFAULT NULL,
  `timeid` int(11) DEFAULT NULL,
  `cname` varchar(20) DEFAULT NULL
) ENGINE=InnoDB DEFAULT CHARSET=utf8mb4 COLLATE=utf8mb4_general_ci;

--
-- 傾印資料表的資料 `teacher_timetable`
--

INSERT INTO `teacher_timetable` (`id`, `tid`, `cid`, `timeid`, `cname`) VALUES
(318, 'T1234567', 1001, 0, '邏輯設計'),
(319, 'T1234567', 1001, 14, '邏輯設計'),
(320, 'T1234567', 1001, 1, '邏輯設計'),
(321, 'T1000001', 1002, 15, '線性代數'),
(322, 'T1000001', 1002, 16, '線性代數'),
(323, 'T1000001', 1002, 17, '線性代數'),
(324, 'T1000002', 1003, 5, '計算機概論'),
(325, 'T1000002', 1003, 6, '計算機概論'),
(326, 'T1000003', 1004, 19, '微積分'),
(327, 'T1000003', 1004, 20, '微積分'),
(328, 'T1000003', 1004, 21, '微積分'),
(329, 'T1000017', 1005, 30, '普通物理'),
(330, 'T1000017', 1005, 31, '普通物理'),
(331, 'T1000017', 1005, 45, '普通物理'),
(332, 'T1000004', 1006, 56, '程式設計'),
(333, 'T1000004', 1006, 57, '程式設計'),
(334, 'T1000004', 1006, 58, '程式設計'),
(335, 'T1000004', 1006, 59, '程式設計'),
(336, 'T1000002', 1007, 61, '互連網路'),
(337, 'T1000002', 1007, 62, '互連網路'),
(338, 'T1000005', 1008, 7, '資料統計'),
(339, 'T1000005', 1008, 8, '資料統計'),
(340, 'T1000006', 1101, 33, '英文作文'),
(341, 'T1000006', 1101, 34, '英文作文'),
(342, 'T1000007', 1102, 42, '英文'),
(343, 'T1000007', 1102, 43, '英文'),
(344, 'T1000008', 1103, 47, '英語發音與聽力練習'),
(345, 'T1000008', 1103, 48, '英語發音與聽力練習'),
(346, 'T1000008', 1104, 2, '電腦輔助語言學習'),
(347, 'T1000008', 1104, 3, '電腦輔助語言學習'),
(348, 'T1000009', 1105, 63, '語言學習方法與策略'),
(349, 'T1000009', 1105, 64, '語言學習方法與策略'),
(350, 'T1000010', 1106, 0, '文學作品導讀'),
(351, 'T1000010', 1106, 1, '文學作品導讀'),
(352, 'T1000011', 1107, 10, '西洋文學專論'),
(353, 'T1000011', 1107, 11, '西洋文學專論'),
(354, 'T1000007', 1108, 19, '英文句構與翻譯'),
(355, 'T1000007', 1108, 20, '英文句構與翻譯'),
(356, 'T1000010', 1109, 22, '程式邏輯與應用 '),
(357, 'T1000010', 1109, 23, '程式邏輯與應用 '),
(358, 'T1000012', 2001, 2, '機率與統計'),
(359, 'T1000012', 2001, 3, '機率與統計'),
(360, 'T1000012', 2001, 17, '機率與統計'),
(361, 'T1000013', 2002, 5, '系統程式'),
(362, 'T1000013', 2002, 6, '系統程式'),
(363, 'T1000013', 2002, 19, '系統程式'),
(364, 'T1000014', 2003, 21, '資料庫系統'),
(365, 'T1000014', 2003, 22, '資料庫系統'),
(366, 'T1000014', 2003, 23, '資料庫系統'),
(367, 'T1000012', 2004, 14, '離散數學'),
(368, 'T1000012', 2004, 15, '離散數學'),
(369, 'T1000012', 2004, 16, '離散數學'),
(370, 'T1000012', 2005, 29, '數位系統設計'),
(371, 'T1000012', 2005, 30, '數位系統設計'),
(372, 'T1000012', 2005, 31, '數位系統設計'),
(373, 'T1000015', 2006, 33, 'UNIX應用與實務'),
(374, 'T1000015', 2006, 36, 'UNIX應用與實務'),
(375, 'T1000005', 2007, 37, 'Web程式設計'),
(376, 'T1000005', 2007, 38, 'Web程式設計'),
(377, 'T1000005', 2007, 57, 'Web程式設計'),
(378, 'T1000016', 2008, 58, '物件導向設計'),
(379, 'T1000016', 2008, 59, '物件導向設計'),
(380, 'T1000018', 2009, 11, '密碼學'),
(381, 'T1000018', 2009, 12, '密碼學'),
(382, 'T1000018', 2009, 13, '密碼學'),
(383, 'T1000019', 2101, 66, '英語演說'),
(384, 'T1000019', 2101, 67, '英語演說'),
(385, 'T1000006', 2102, 38, '英國文學'),
(386, 'T1000006', 2102, 39, '英國文學'),
(387, 'T1000007', 2103, 28, '第二外語'),
(388, 'T1000007', 2103, 29, '第二外語'),
(389, 'T1000007', 2104, 5, '語言學概論'),
(390, 'T1000007', 2104, 6, '語言學概論'),
(391, 'T1000006', 2105, 42, '文學與地景'),
(392, 'T1000006', 2105, 43, '文學與地景'),
(393, 'T1000010', 2106, 16, '英語語言史'),
(394, 'T1000010', 2106, 17, '英語語言史'),
(395, 'T1000019', 2107, 52, '散文選讀'),
(396, 'T1000019', 2107, 53, '散文選讀'),
(397, 'T1000020', 2108, 61, '新聞英文閱讀'),
(398, 'T1000020', 2108, 62, '新聞英文閱讀'),
(399, 'T1000019', 2109, 11, '進階程式邏輯與應用'),
(400, 'T1000019', 2109, 12, '進階程式邏輯與應用'),
(401, 'T1000012', 3001, 61, '作業系統'),
(402, 'T1000012', 3001, 62, '作業系統'),
(403, 'T1000013', 3002, 0, '微處理機系統'),
(404, 'T1000013', 3002, 1, '微處理機系統'),
(405, 'T1000014', 3003, 30, '微處理機系統實習'),
(406, 'T1000014', 3003, 31, '微處理機系統實習'),
(407, 'T1000012', 3004, 63, '計算機結構學'),
(408, 'T1000012', 3004, 64, '計算機結構學'),
(409, 'T1000012', 3005, 26, '計算機演算法'),
(410, 'T1000012', 3005, 27, '計算機演算法'),
(411, 'T1000015', 3006, 2, '軟體測試'),
(412, 'T1000015', 3006, 3, '軟體測試'),
(413, 'T1000005', 3007, 28, '嵌入式系統'),
(414, 'T1000005', 3007, 29, '嵌入式系統'),
(415, 'T1000016', 3008, 66, '資料科學實務'),
(416, 'T1000016', 3008, 67, '資料科學實務'),
(417, 'T1000018', 3009, 12, '資料探勘導論'),
(418, 'T1000018', 3009, 13, '資料探勘導論'),
(419, 'T1000020', 3101, 12, '中英視譯練習'),
(420, 'T1000020', 3101, 13, '中英視譯練習'),
(421, 'T1000020', 3102, 66, '兒童與青少年文學'),
(422, 'T1000020', 3102, 67, '兒童與青少年文學'),
(423, 'T1000006', 3103, 33, '英詩選讀'),
(424, 'T1000006', 3103, 34, '英詩選讀'),
(425, 'T1000007', 3104, 2, '實用職場英文'),
(426, 'T1000007', 3104, 3, '實用職場英文'),
(427, 'T1000006', 3105, 14, '美國文學'),
(428, 'T1000006', 3105, 15, '美國文學'),
(429, 'T1000010', 3106, 0, '中英逐步口譯演練'),
(430, 'T1000010', 3106, 1, '中英逐步口譯演練'),
(431, 'T1000019', 3107, 42, '英美文學專論'),
(432, 'T1000019', 3107, 43, '英美文學專論'),
(433, 'T1000020', 3108, 35, '校外實習導論'),
(434, 'T1000020', 3108, 36, '校外實習導論'),
(435, 'T1000010', 3109, 16, '專題討論'),
(436, 'T1000010', 3109, 17, '專題討論'),
(437, 'T1000012', 4001, 44, '專題研究'),
(438, 'T1000012', 4001, 45, '專題研究'),
(439, 'T1000013', 4002, 2, '人工智慧的產業應用'),
(440, 'T1000013', 4002, 3, '人工智慧的產業應用'),
(441, 'T1000014', 4003, 24, '生物資訊概論'),
(442, 'T1000014', 4003, 25, '生物資訊概論'),
(443, 'T1000012', 4004, 10, '深度學習'),
(444, 'T1000012', 4004, 11, '深度學習'),
(445, 'T1000012', 4005, 5, '產業實習導論'),
(446, 'T1000012', 4005, 6, '產業實習導論'),
(447, 'T1000015', 4006, 28, '無線網路系統'),
(448, 'T1000015', 4006, 29, '無線網路系統'),
(449, 'T1000005', 4007, 12, '管理資訊系統'),
(450, 'T1000005', 4007, 13, '管理資訊系統'),
(451, 'T1000016', 4008, 7, '智慧物聯網實務應用'),
(452, 'T1000016', 4008, 8, '智慧物聯網實務應用'),
(453, 'T1000018', 4009, 35, '程式設計與問題解決'),
(454, 'T1000018', 4009, 36, '程式設計與問題解決'),
(455, 'T1000009', 4101, 61, '中英商務筆譯'),
(456, 'T1000009', 4101, 62, '中英商務筆譯'),
(457, 'T1000006', 4102, 35, '中英經貿口譯'),
(458, 'T1000006', 4102, 36, '中英經貿口譯'),
(459, 'T1000007', 4103, 28, '英文媒體溝通'),
(460, 'T1000007', 4103, 29, '英文媒體溝通'),
(461, 'T1000009', 4104, 66, '歐洲文學'),
(462, 'T1000009', 4104, 67, '歐洲文學'),
(463, 'T1000006', 4105, 58, '中英科技翻譯'),
(464, 'T1000006', 4105, 59, '中英科技翻譯'),
(465, 'T1000010', 4106, 42, '中英會展口譯'),
(466, 'T1000010', 4106, 43, '中英會展口譯'),
(467, 'T1000007', 4107, 7, '旅遊英文'),
(468, 'T1000007', 4107, 8, '旅遊英文'),
(469, 'T1000020', 4108, 5, '國際事務英文'),
(470, 'T1000020', 4108, 6, '國際事務英文'),
(471, 'T1000009', 4109, 0, '跨文化探索與對話'),
(472, 'T1000009', 4109, 1, '跨文化探索與對話');

--
-- 已傾印資料表的索引
--

--
-- 資料表索引 `course`
--
ALTER TABLE `course`
  ADD PRIMARY KEY (`cid`);

--
-- 資料表索引 `course_selection`
--
ALTER TABLE `course_selection`
  ADD PRIMARY KEY (`id`);

--
-- 資料表索引 `course_timetable`
--
ALTER TABLE `course_timetable`
  ADD PRIMARY KEY (`id`);

--
-- 資料表索引 `students`
--
ALTER TABLE `students`
  ADD PRIMARY KEY (`sid`);

--
-- 資料表索引 `student_timetable`
--
ALTER TABLE `student_timetable`
  ADD PRIMARY KEY (`id`);

--
-- 資料表索引 `teachers`
--
ALTER TABLE `teachers`
  ADD PRIMARY KEY (`tid`);

--
-- 資料表索引 `teacher_timetable`
--
ALTER TABLE `teacher_timetable`
  ADD PRIMARY KEY (`id`);

--
-- 在傾印的資料表使用自動遞增(AUTO_INCREMENT)
--

--
-- 使用資料表自動遞增(AUTO_INCREMENT) `course_selection`
--
ALTER TABLE `course_selection`
  MODIFY `id` int(11) NOT NULL AUTO_INCREMENT, AUTO_INCREMENT=10;

--
-- 使用資料表自動遞增(AUTO_INCREMENT) `course_timetable`
--
ALTER TABLE `course_timetable`
  MODIFY `id` int(11) NOT NULL AUTO_INCREMENT, AUTO_INCREMENT=166;

--
-- 使用資料表自動遞增(AUTO_INCREMENT) `student_timetable`
--
ALTER TABLE `student_timetable`
  MODIFY `id` int(11) NOT NULL AUTO_INCREMENT, AUTO_INCREMENT=40;

--
-- 使用資料表自動遞增(AUTO_INCREMENT) `teacher_timetable`
--
ALTER TABLE `teacher_timetable`
  MODIFY `id` int(11) NOT NULL AUTO_INCREMENT, AUTO_INCREMENT=473;
COMMIT;

/*!40101 SET CHARACTER_SET_CLIENT=@OLD_CHARACTER_SET_CLIENT */;
/*!40101 SET CHARACTER_SET_RESULTS=@OLD_CHARACTER_SET_RESULTS */;
/*!40101 SET COLLATION_CONNECTION=@OLD_COLLATION_CONNECTION */;
